0,1
Institute Admission Brochure,Click Here
Application Form,Available in College
Admission Advertisement,Click Here
Admission Documents,Click Here
Admission Criteria,Click Here
Frequently Asked Questions,Click Here
ILS Admission Instructions,Click Here
ILS Admission Schedule & Fee Structure,Click Here
FE ILS Merit List,Click Here
FE ACAP Admission Schedule & Fee Structure,Click Here
FE ACAP Provisional Merit List,MHT CET | JEE
DSE ACAP Admission Schedule & Fee Structure,Click Here
DSE ACAP Provisional Merit List,Will be available soon!!
